<?xml version="1.0" encoding="UTF-8" standalone="yes"?>
<root xmlns:xsi="http://www.w3.org/2001/XMLSchema-instance">
<metric id="2090802" type="quality-rule" originalName="Built-in SQL Functions need to be refactored" section="description">
		<english>This quality rule searches for http://www.sqlines.com/db2-to-oracle#built-in-sql-functions  inside SQL files, and report a violation when any builtin function is found.</english>
	</metric>
	<metric id="2090802" type="quality-rule" originalName="Built-in SQL Functions need to be refactored" section="name">
		<english>Built-in SQL Functions need to be refactored</english>
	</metric>
	<metric id="2090802" type="quality-rule" originalName="Built-in SQL Functions need to be refactored" section="output">
		<english>Associated to each sql with violation, the quality rule provides:
- The number of violation patterns
- Bookmarks for violation patterns found in source code</english>
	</metric>
	<metric id="2090802" type="quality-rule" originalName="Built-in SQL Functions need to be refactored" section="rationale">
		<english>Without adaptation, the SQL script won’t compile on Oracle, leading to error</english>
	</metric>
	<metric id="2090802" type="quality-rule" originalName="Built-in SQL Functions need to be refactored" section="remediation">
		<english>Review the implementation and convert to oracle supported functions.</english>
	</metric>
	<metric id="2090802" type="quality-rule" originalName="Built-in SQL Functions need to be refactored" section="associatedValueName">
		<english>Number of violation patterns found in DB2 SQL file, Built-in SQL Functions.</english>
	</metric>
	<metric id="2090802" type="quality-rule" originalName="Built-in SQL Functions need to be refactored" section="reference">
		<english>db2migration  best practices. http://www.sqlines.com/db2-to-oracle/</english>
	</metric>
	<metric id="2090802" type="quality-rule" originalName="Built-in SQL Functions need to be refactored" section="total">
		<english>Number of DB2 SQL file.</english>
	</metric>
	<metric id="2090804" type="quality-rule" originalName="Converting SQL language elements variations from DB2 to oracle" section="description">
		<english>This quality rule searches for http://www.sqlines.com/db2-to-oracle#language-elements  inside SQL files, and report a violation when any language-elements  is found.</english>
	</metric>
	<metric id="2090804" type="quality-rule" originalName="Converting SQL language elements variations from DB2 to oracle" section="name">
		<english>Converting SQL language elements variations from DB2 to oracle</english>
	</metric>
	<metric id="2090804" type="quality-rule" originalName="Converting SQL language elements variations from DB2 to oracle" section="output">
		<english>Associated to each sql with violation, the quality rule provides:
- The number of violation patterns
- Bookmarks for violation patterns found in source code</english>
	</metric>
	<metric id="2090804" type="quality-rule" originalName="Converting SQL language elements variations from DB2 to oracle" section="rationale">
		<english>Without adaptation, the SQL script won’t compile on Oracle, leading to error</english>
	</metric>
	<metric id="2090804" type="quality-rule" originalName="Converting SQL language elements variations from DB2 to oracle" section="remediation">
		<english>Review the implementation and convert to language elements variations to oracle supported elements.</english>
	</metric>
	<metric id="2090804" type="quality-rule" originalName="Converting SQL language elements variations from DB2 to oracle" section="associatedValueName">
		<english>Number of violation patterns found in DB2 SQL file, language elements.</english>
	</metric>
	<metric id="2090804" type="quality-rule" originalName="Converting SQL language elements variations from DB2 to oracle" section="reference">
		<english>db2migration  best practices.  http://www.sqlines.com/db2-to-oracle</english>
	</metric>
	<metric id="2090804" type="quality-rule" originalName="Converting SQL language elements variations from DB2 to oracle" section="total">
		<english>Number of DB2 SQL file.</english>
	</metric>
	<metric id="2090806" type="quality-rule" originalName="Datetime interval expressions need to be refactored" section="description">
		<english>This quality rule searches for http://www.sqlines.com/db2-to-oracle#anguage-elements   inside SQL files, and report a violation when any datetime interval expressions is found.</english>
	</metric>
	<metric id="2090806" type="quality-rule" originalName="Datetime interval expressions need to be refactored" section="name">
		<english>Datetime interval expressions need to be refactored</english>
	</metric>
	<metric id="2090806" type="quality-rule" originalName="Datetime interval expressions need to be refactored" section="output">
		<english>Associated to each sql with violation, the quality rule provides:
- The number of violation patterns
- Bookmarks for violation patterns found in source code</english>
	</metric>
	<metric id="2090806" type="quality-rule" originalName="Datetime interval expressions need to be refactored" section="rationale">
		<english>Without adaptation, the SQL script won’t compile on Oracle, leading to error</english>
	</metric>
	<metric id="2090806" type="quality-rule" originalName="Datetime interval expressions need to be refactored" section="remediation">
		<english>Review the implementation and convert to datetime interval expressions to oracle supported elements.</english>
	</metric>
	<metric id="2090806" type="quality-rule" originalName="Datetime interval expressions need to be refactored" section="associatedValueName">
		<english>Number of violation patterns found in DB2 SQL file, Datetime interval expressions language elements.</english>
	</metric>
	<metric id="2090806" type="quality-rule" originalName="Datetime interval expressions need to be refactored" section="reference">
		<english>db2migration  best practices.   http://www.sqlines.com/db2-to-oracle</english>
	</metric>
	<metric id="2090806" type="quality-rule" originalName="Datetime interval expressions need to be refactored" section="total">
		<english>Number of DB2 SQL file.</english>
	</metric>
	<metric id="2090808" type="quality-rule" originalName="Data Types variations  from DB2 to Oracle" section="description">
		<english>This quality rules is populated using db2oraclemigration output. Each violation reported is converted in a bookmark, representing a defect inside an sql file module, which is reported as a violation.</english>
	</metric>
	<metric id="2090808" type="quality-rule" originalName="Data Types variations from DB2 to Oracle" section="name">
		<english>Data Types variations  from DB2 to Oracle</english>
	</metric>
	<metric id="2090808" type="quality-rule" originalName="Data Types variations  from DB2 to Oracle" section="output">
		<english>Associated to each sql with violation, the quality rule provides:
- The number of violation patterns
- Bookmarks for violation patterns found in source code</english>
	</metric>
	<metric id="2090808" type="quality-rule" originalName="Data Types variations  from DB2 to Oracle" section="rationale">
		<english>Without adaptation, the SQL script won’t compile on Oracle, leading to error</english>
	</metric>
	<metric id="2090808" type="quality-rule" originalName="Data Types variations  from DB2 to Oracle" section="remediation">
		<english>Review the implementation and convert to oracle supported data types.</english>
	</metric>
	<metric id="2090808" type="quality-rule" originalName="Data Types variations  from DB2 to Oracle" section="associatedValueName">
		<english>Number of violation patterns found in DB2 SQL file, Data Types variations.</english>
	</metric>
	<metric id="2090808" type="quality-rule" originalName="Data Types variations  from DB2 to Oracle" section="reference">
		<english>db2migration  best practices.
   http://www.sqlines.com/db2-to-oracle</english>
	</metric>
	<metric id="2090808" type="quality-rule" originalName="Data Types variations  from DB2 to Oracle" section="total">
		<english>Number of DB2 SQL file.</english>
	</metric>
	<metric id="2090810" type="quality-rule" originalName="SELECT Statements from DB2 to Oracle need to be refactored" section="description">
		<english>This quality rule searches for http://www.sqlines.com/db2-to-oracle#select-statement   inside SQL files, and report a violation when any select-statement is found.</english>
	</metric>
	<metric id="2090810" type="quality-rule" originalName="SELECT Statements from DB2 to Oracle need to be refactored" section="name">
		<english>SELECT Statements from DB2 to Oracle need to be refactored</english>
	</metric>
	<metric id="2090810" type="quality-rule" originalName="SELECT Statements from DB2 to Oracle need to be refactored" section="output">
		<english>Associated to each sql with violation, the quality rule provides:
- The number of violation patterns
- Bookmarks for violation patterns found in source code</english>
	</metric>
	<metric id="2090810" type="quality-rule" originalName="SELECT Statements from DB2 to Oracle need to be refactored" section="rationale">
		<english>Without adaptation, the SQL script won’t compile on Oracle, leading to error</english>
	</metric>
	<metric id="2090810" type="quality-rule" originalName="SELECT Statements from DB2 to Oracle need to be refactored" section="remediation">
		<english>Review the implementation and convert to oracle supported SELECT Statements.</english>
	</metric>
	<metric id="2090810" type="quality-rule" originalName="SELECT Statements from DB2 to Oracle need to be refactored" section="associatedValueName">
		<english>Number of violation patterns found in DB2 SQL file, select statements variations.</english>
	</metric>
	<metric id="2090810" type="quality-rule" originalName="SELECT Statements from DB2 to Oracle need to be refactored." section="reference">
		<english>db2migration  best practices.
   http://www.sqlines.com/db2-to-oracle</english>
	</metric>
	<metric id="2090810" type="quality-rule" originalName="SELECT Statements from DB2 to Oracle need to be refactored." section="total">
		<english>Number of DB2 SQL file.</english>
	</metric>
	<metric id="2090812" type="quality-rule" originalName="CREATE TABLE statement from DB2 to Oracle need to be refactored." section="description">
		<english>This quality rule searches for http://www.sqlines.com/db2-to-oracle#create-table-statement   inside SQL files, and report a violation when any create table statement is found.</english>
	</metric>
	<metric id="2090812" type="quality-rule" originalName="CREATE TABLE statement from DB2 to Oracle need to be refactored." section="name">
		<english>CREATE TABLE statement from DB2 to Oracle need to be refactored</english>
	</metric>
	<metric id="2090812" type="quality-rule" originalName="CREATE TABLE statement from DB2 to Oracle need to be refactored." section="output">
		<english>Associated to each sql with violation, the quality rule provides:
- The number of violation patterns
- Bookmarks for violation patterns found in source code</english>
	</metric>
	<metric id="2090812" type="quality-rule" originalName="CREATE TABLE statement from DB2 to Oracle need to be refactored." section="rationale">
		<english>Without adaptation, the SQL script won’t compile on Oracle, leading to error</english>
	</metric>
	<metric id="2090812" type="quality-rule" originalName="CREATE TABLE statement from DB2 to Oracle need to be refactored." section="remediation">
		<english>Review the implementation and  convert to oracle supported statement type.</english>
	</metric>
	<metric id="2090812" type="quality-rule" originalName="CREATE TABLE statement from DB2 to Oracle need to be refactored." section="associatedValueName">
		<english>Number of violation patterns found in DB2 SQL file, DDL type.</english>
	</metric>
	<metric id="2090812" type="quality-rule" originalName="CREATE TABLE statement from DB2 to Oracle need to be refactored." section="reference">
		<english>db2migration best practices.
   http://www.sqlines.com/db2-to-oracle</english>
	</metric>
	<metric id="2090812" type="quality-rule" originalName="CREATE TABLE statement from DB2 to Oracle need to be refactored" section="total">
		<english>Number of DB2 SQL file.</english>
	</metric>
</root>